method,split,seed,mean_success,ci95_success,mean_force_violation,ci95_force_violation,mean_damage,ci95_damage,mean_latent_accuracy,ci95_latent_accuracy,mean_false_memory_alarm,ci95_false_memory_alarm,mean_energy,ci95_energy,mean_cost,ci95_cost,groups
conformal_risk_filter,combined_stress,0,0.4425,0.0168,0.2357,0.0131,0.1738,0.0145,0.3221,0.0187,0.2599,0.0170,0.5010,0.0020,0.8150,0.0175,35
conformal_risk_filter,combined_stress,1,0.4449,0.0176,0.2228,0.0161,0.1741,0.0134,0.3177,0.0187,0.2765,0.0171,0.4991,0.0019,0.8063,0.0185,35
conformal_risk_filter,combined_stress,2,0.4173,0.0178,0.2605,0.0156,0.1799,0.0125,0.3099,0.0173,0.2707,0.0159,0.5014,0.0022,0.8348,0.0145,35
conformal_risk_filter,combined_stress,3,0.4503,0.0170,0.2466,0.0176,0.1854,0.0154,0.3190,0.0167,0.2759,0.0150,0.5011,0.0025,0.8321,0.0184,35
conformal_risk_filter,combined_stress,4,0.4289,0.0184,0.2531,0.0153,0.1765,0.0135,0.3082,0.0163,0.2701,0.0151,0.5000,0.0021,0.8260,0.0168,35
conformal_risk_filter,combined_stress,5,0.4194,0.0225,0.2592,0.0164,0.1871,0.0162,0.3262,0.0175,0.2861,0.0146,0.5013,0.0018,0.8408,0.0192,35
conformal_risk_filter,combined_stress,6,0.4398,0.0160,0.2439,0.0169,0.1813,0.0157,0.3412,0.0177,0.2782,0.0160,0.4986,0.0020,0.8242,0.0195,35
conformal_risk_filter,delayed_observation_shift,0,0.4956,0.0214,0.1939,0.0120,0.1422,0.0142,0.3554,0.0148,0.2490,0.0168,0.4220,0.0028,0.6829,0.0155,35
conformal_risk_filter,delayed_observation_shift,1,0.5133,0.0178,0.1912,0.0167,0.1490,0.0121,0.3551,0.0150,0.2605,0.0168,0.4227,0.0019,0.6886,0.0144,35
conformal_risk_filter,delayed_observation_shift,2,0.4980,0.0214,0.2027,0.0174,0.1588,0.0143,0.3599,0.0178,0.2463,0.0166,0.4211,0.0018,0.7027,0.0170,35
conformal_risk_filter,delayed_observation_shift,3,0.4929,0.0183,0.2262,0.0144,0.1520,0.0133,0.3558,0.0160,0.2605,0.0189,0.4231,0.0027,0.7111,0.0167,35
conformal_risk_filter,delayed_observation_shift,4,0.5116,0.0203,0.1993,0.0125,0.1622,0.0147,0.3551,0.0194,0.2503,0.0175,0.4199,0.0017,0.7029,0.0165,35
conformal_risk_filter,delayed_observation_shift,5,0.5099,0.0166,0.2088,0.0125,0.1500,0.0104,0.3432,0.0169,0.2469,0.0179,0.4216,0.0024,0.6982,0.0131,35
conformal_risk_filter,delayed_observation_shift,6,0.5014,0.0176,0.1888,0.0147,0.1524,0.0148,0.3415,0.0150,0.2422,0.0170,0.4225,0.0020,0.6903,0.0148,35
conformal_risk_filter,embodiment_shift,0,0.5037,0.0225,0.1864,0.0154,0.1425,0.0139,0.3595,0.0146,0.2272,0.0142,0.4092,0.0025,0.6663,0.0162,35
conformal_risk_filter,embodiment_shift,1,0.4990,0.0158,0.1793,0.0131,0.1473,0.0160,0.3789,0.0130,0.2367,0.0177,0.4088,0.0025,0.6665,0.0172,35
conformal_risk_filter,embodiment_shift,2,0.5133,0.0202,0.1881,0.0125,0.1388,0.0138,0.3561,0.0216,0.2231,0.0169,0.4113,0.0021,0.6658,0.0167,35
conformal_risk_filter,embodiment_shift,3,0.5197,0.0192,0.1986,0.0128,0.1469,0.0122,0.3745,0.0164,0.2306,0.0170,0.4113,0.0023,0.6794,0.0153,35
conformal_risk_filter,embodiment_shift,4,0.5051,0.0194,0.1939,0.0135,0.1456,0.0137,0.3759,0.0185,0.2204,0.0122,0.4094,0.0020,0.6735,0.0140,35
conformal_risk_filter,embodiment_shift,5,0.5037,0.0184,0.1813,0.0124,0.1439,0.0105,0.3619,0.0174,0.2398,0.0166,0.4100,0.0021,0.6655,0.0143,35
conformal_risk_filter,embodiment_shift,6,0.5146,0.0180,0.1905,0.0138,0.1476,0.0185,0.3660,0.0174,0.2139,0.0197,0.4095,0.0021,0.6737,0.0217,35
conformal_risk_filter,hidden_force_shift,0,0.5201,0.0181,0.2129,0.0129,0.1616,0.0134,0.3493,0.0207,0.2500,0.0166,0.4424,0.0023,0.7322,0.0160,35
conformal_risk_filter,hidden_force_shift,1,0.5116,0.0216,0.2068,0.0172,0.1588,0.0159,0.3340,0.0222,0.2330,0.0155,0.4463,0.0019,0.7301,0.0197,35
conformal_risk_filter,hidden_force_shift,2,0.5265,0.0214,0.2082,0.0152,0.1622,0.0148,0.3299,0.0174,0.2571,0.0153,0.4439,0.0026,0.7317,0.0175,35
conformal_risk_filter,hidden_force_shift,3,0.5197,0.0147,0.2150,0.0165,0.1588,0.0121,0.3412,0.0208,0.2405,0.0203,0.4460,0.0022,0.7344,0.0145,35
conformal_risk_filter,hidden_force_shift,4,0.4939,0.0149,0.2061,0.0162,0.1585,0.0116,0.3391,0.0171,0.2650,0.0112,0.4434,0.0022,0.7266,0.0155,35
conformal_risk_filter,hidden_force_shift,5,0.5136,0.0166,0.1956,0.0130,0.1585,0.0140,0.3503,0.0138,0.2680,0.0164,0.4432,0.0024,0.7206,0.0149,35
conformal_risk_filter,hidden_force_shift,6,0.5167,0.0168,0.2126,0.0162,0.1684,0.0142,0.3412,0.0159,0.2398,0.0146,0.4430,0.0027,0.7391,0.0186,35
conformal_risk_filter,nominal,0,0.6129,0.0174,0.1378,0.0117,0.1088,0.0118,0.3837,0.0148,0.2071,0.0116,0.3075,0.0019,0.5058,0.0132,35
conformal_risk_filter,nominal,1,0.5993,0.0196,0.1381,0.0143,0.1184,0.0119,0.4099,0.0166,0.2109,0.0128,0.3082,0.0021,0.5158,0.0144,35
conformal_risk_filter,nominal,2,0.5867,0.0176,0.1354,0.0117,0.1044,0.0125,0.3922,0.0198,0.2020,0.0142,0.3103,0.0024,0.5031,0.0136,35
conformal_risk_filter,nominal,3,0.5867,0.0173,0.1446,0.0125,0.0997,0.0105,0.3983,0.0198,0.1997,0.0148,0.3093,0.0025,0.5027,0.0140,35
conformal_risk_filter,nominal,4,0.5881,0.0185,0.1330,0.0127,0.1054,0.0104,0.3769,0.0182,0.2231,0.0150,0.3096,0.0024,0.5021,0.0108,35
conformal_risk_filter,nominal,5,0.6024,0.0139,0.1276,0.0120,0.1065,0.0144,0.3929,0.0199,0.2269,0.0139,0.3090,0.0024,0.4995,0.0163,35
conformal_risk_filter,nominal,6,0.6051,0.0166,0.1255,0.0121,0.0878,0.0079,0.3912,0.0212,0.2167,0.0150,0.3087,0.0025,0.4803,0.0108,35
ensemble_uncertainty_mpc,combined_stress,0,0.4844,0.0153,0.2755,0.0155,0.1952,0.0160,0.3463,0.0153,0.2514,0.0161,0.4898,0.0025,0.8404,0.0195,35
ensemble_uncertainty_mpc,combined_stress,1,0.4701,0.0218,0.2646,0.0148,0.1823,0.0146,0.3361,0.0181,0.2432,0.0129,0.4893,0.0028,0.8217,0.0174,35
ensemble_uncertainty_mpc,combined_stress,2,0.4571,0.0162,0.2714,0.0166,0.1816,0.0123,0.3609,0.0119,0.2456,0.0140,0.4912,0.0027,0.8267,0.0179,35
ensemble_uncertainty_mpc,combined_stress,3,0.4554,0.0180,0.2718,0.0168,0.1980,0.0146,0.3473,0.0149,0.2493,0.0147,0.4895,0.0025,0.8406,0.0163,35
ensemble_uncertainty_mpc,combined_stress,4,0.4619,0.0194,0.2639,0.0179,0.1963,0.0133,0.3405,0.0200,0.2493,0.0151,0.4904,0.0024,0.8357,0.0137,35
ensemble_uncertainty_mpc,combined_stress,5,0.4701,0.0212,0.2701,0.0162,0.1881,0.0156,0.3435,0.0144,0.2554,0.0178,0.4893,0.0020,0.8301,0.0151,35
ensemble_uncertainty_mpc,combined_stress,6,0.4619,0.0184,0.2789,0.0142,0.2160,0.0155,0.3344,0.0156,0.2456,0.0168,0.4891,0.0021,0.8613,0.0159,35
ensemble_uncertainty_mpc,delayed_observation_shift,0,0.5071,0.0170,0.2276,0.0132,0.1561,0.0144,0.3789,0.0138,0.2282,0.0165,0.4118,0.0026,0.6989,0.0181,35
ensemble_uncertainty_mpc,delayed_observation_shift,1,0.5276,0.0150,0.2282,0.0153,0.1561,0.0119,0.3680,0.0218,0.2259,0.0171,0.4116,0.0019,0.6990,0.0150,35
ensemble_uncertainty_mpc,delayed_observation_shift,2,0.5156,0.0224,0.2207,0.0162,0.1585,0.0138,0.3531,0.0140,0.2255,0.0164,0.4117,0.0022,0.6973,0.0156,35
ensemble_uncertainty_mpc,delayed_observation_shift,3,0.5476,0.0178,0.2320,0.0188,0.1643,0.0146,0.3670,0.0197,0.2238,0.0153,0.4120,0.0025,0.7092,0.0175,35
ensemble_uncertainty_mpc,delayed_observation_shift,4,0.5248,0.0148,0.2201,0.0167,0.1527,0.0133,0.3585,0.0174,0.2269,0.0131,0.4122,0.0024,0.6920,0.0164,35
ensemble_uncertainty_mpc,delayed_observation_shift,5,0.5340,0.0171,0.2313,0.0138,0.1861,0.0123,0.3673,0.0184,0.2259,0.0138,0.4128,0.0025,0.7304,0.0127,35
ensemble_uncertainty_mpc,delayed_observation_shift,6,0.5272,0.0172,0.2350,0.0161,0.1646,0.0136,0.3949,0.0173,0.2374,0.0152,0.4122,0.0022,0.7115,0.0191,35
ensemble_uncertainty_mpc,embodiment_shift,0,0.5156,0.0198,0.2143,0.0181,0.1534,0.0139,0.3895,0.0172,0.1976,0.0141,0.4005,0.0019,0.6777,0.0163,35
ensemble_uncertainty_mpc,embodiment_shift,1,0.5218,0.0182,0.2190,0.0183,0.1616,0.0156,0.3806,0.0172,0.1983,0.0167,0.4014,0.0029,0.6890,0.0213,35
ensemble_uncertainty_mpc,embodiment_shift,2,0.5269,0.0165,0.2136,0.0145,0.1616,0.0152,0.3867,0.0174,0.2095,0.0190,0.3993,0.0024,0.6839,0.0186,35
ensemble_uncertainty_mpc,embodiment_shift,3,0.5204,0.0184,0.2041,0.0156,0.1531,0.0155,0.3697,0.0188,0.2204,0.0178,0.4014,0.0026,0.6727,0.0190,35
ensemble_uncertainty_mpc,embodiment_shift,4,0.5252,0.0181,0.2136,0.0162,0.1449,0.0118,0.3874,0.0147,0.1990,0.0173,0.4022,0.0022,0.6710,0.0154,35
ensemble_uncertainty_mpc,embodiment_shift,5,0.5180,0.0152,0.2105,0.0139,0.1595,0.0156,0.3949,0.0208,0.2116,0.0158,0.4002,0.0026,0.6811,0.0195,35
ensemble_uncertainty_mpc,embodiment_shift,6,0.5238,0.0189,0.2082,0.0149,0.1622,0.0140,0.3789,0.0167,0.2139,0.0151,0.4020,0.0021,0.6842,0.0155,35
ensemble_uncertainty_mpc,hidden_force_shift,0,0.5330,0.0155,0.2330,0.0143,0.1673,0.0136,0.3677,0.0159,0.2367,0.0166,0.4363,0.0024,0.7370,0.0169,35
ensemble_uncertainty_mpc,hidden_force_shift,1,0.5279,0.0153,0.2449,0.0179,0.1762,0.0125,0.3418,0.0171,0.2262,0.0113,0.4327,0.0024,0.7484,0.0156,35
ensemble_uncertainty_mpc,hidden_force_shift,2,0.5241,0.0208,0.2384,0.0171,0.1660,0.0145,0.3677,0.0154,0.2415,0.0149,0.4361,0.0023,0.7386,0.0183,35
ensemble_uncertainty_mpc,hidden_force_shift,3,0.5269,0.0151,0.2367,0.0157,0.1721,0.0132,0.3653,0.0176,0.2310,0.0139,0.4334,0.0021,0.7407,0.0170,35
ensemble_uncertainty_mpc,hidden_force_shift,4,0.5364,0.0192,0.2544,0.0186,0.1718,0.0131,0.3670,0.0178,0.2371,0.0148,0.4318,0.0019,0.7485,0.0173,35
ensemble_uncertainty_mpc,hidden_force_shift,5,0.5350,0.0179,0.2347,0.0150,0.1701,0.0111,0.3442,0.0173,0.2442,0.0164,0.4343,0.0024,0.7385,0.0122,35
ensemble_uncertainty_mpc,hidden_force_shift,6,0.5228,0.0206,0.2405,0.0155,0.1776,0.0156,0.3561,0.0190,0.2299,0.0139,0.4339,0.0026,0.7484,0.0198,35
ensemble_uncertainty_mpc,nominal,0,0.6276,0.0158,0.1602,0.0097,0.1088,0.0123,0.4235,0.0164,0.1939,0.0146,0.2996,0.0023,0.5047,0.0129,35
ensemble_uncertainty_mpc,nominal,1,0.6214,0.0183,0.1585,0.0118,0.1112,0.0112,0.4228,0.0170,0.1905,0.0144,0.3000,0.0020,0.5064,0.0100,35
ensemble_uncertainty_mpc,nominal,2,0.6122,0.0144,0.1561,0.0121,0.1269,0.0117,0.4027,0.0161,0.1820,0.0130,0.3002,0.0023,0.5202,0.0128,35
ensemble_uncertainty_mpc,nominal,3,0.6088,0.0194,0.1599,0.0135,0.1153,0.0104,0.4156,0.0160,0.1976,0.0137,0.3001,0.0021,0.5112,0.0126,35
ensemble_uncertainty_mpc,nominal,4,0.6184,0.0191,0.1592,0.0151,0.1224,0.0107,0.4228,0.0199,0.1932,0.0117,0.3005,0.0022,0.5180,0.0129,35
ensemble_uncertainty_mpc,nominal,5,0.6194,0.0164,0.1578,0.0136,0.1180,0.0097,0.4061,0.0187,0.1765,0.0129,0.3011,0.0022,0.5137,0.0132,35
ensemble_uncertainty_mpc,nominal,6,0.6224,0.0205,0.1626,0.0119,0.1126,0.0139,0.4211,0.0161,0.1684,0.0137,0.3009,0.0022,0.5109,0.0156,35
force_history_behavior_cloning,combined_stress,0,0.3969,0.0192,0.3197,0.0196,0.2282,0.0133,0.3575,0.0187,0.1864,0.0135,0.4799,0.0020,0.8790,0.0159,35
force_history_behavior_cloning,combined_stress,1,0.3976,0.0167,0.3153,0.0159,0.2214,0.0155,0.3395,0.0177,0.1966,0.0173,0.4806,0.0022,0.8708,0.0172,35
force_history_behavior_cloning,combined_stress,2,0.4034,0.0208,0.3296,0.0208,0.2180,0.0196,0.3527,0.0168,0.1935,0.0160,0.4806,0.0022,0.8754,0.0244,35
force_history_behavior_cloning,combined_stress,3,0.4102,0.0198,0.3187,0.0193,0.2194,0.0138,0.3639,0.0182,0.2017,0.0132,0.4809,0.0022,0.8710,0.0184,35
force_history_behavior_cloning,combined_stress,4,0.4027,0.0215,0.3235,0.0194,0.2119,0.0146,0.3480,0.0194,0.1976,0.0161,0.4782,0.0020,0.8638,0.0196,35
force_history_behavior_cloning,combined_stress,5,0.4122,0.0213,0.3303,0.0174,0.2235,0.0175,0.3425,0.0116,0.2007,0.0177,0.4792,0.0019,0.8795,0.0205,35
force_history_behavior_cloning,combined_stress,6,0.4150,0.0173,0.3214,0.0163,0.2279,0.0143,0.3415,0.0169,0.1997,0.0152,0.4801,0.0023,0.8798,0.0159,35
force_history_behavior_cloning,delayed_observation_shift,0,0.4782,0.0185,0.2908,0.0128,0.1942,0.0144,0.3735,0.0155,0.1582,0.0150,0.4014,0.0028,0.7522,0.0142,35
force_history_behavior_cloning,delayed_observation_shift,1,0.4854,0.0209,0.2929,0.0176,0.2031,0.0150,0.3694,0.0171,0.1806,0.0141,0.4000,0.0025,0.7604,0.0166,35
force_history_behavior_cloning,delayed_observation_shift,2,0.4694,0.0187,0.2765,0.0155,0.1823,0.0146,0.3673,0.0224,0.1735,0.0134,0.4028,0.0021,0.7345,0.0171,35
force_history_behavior_cloning,delayed_observation_shift,3,0.4735,0.0176,0.2898,0.0167,0.2044,0.0147,0.3697,0.0152,0.1765,0.0136,0.4014,0.0022,0.7614,0.0151,35
force_history_behavior_cloning,delayed_observation_shift,4,0.4976,0.0182,0.2793,0.0148,0.1963,0.0156,0.3759,0.0171,0.1789,0.0134,0.4019,0.0023,0.7484,0.0174,35
force_history_behavior_cloning,delayed_observation_shift,5,0.4711,0.0175,0.3020,0.0165,0.1871,0.0108,0.3847,0.0174,0.1755,0.0155,0.4033,0.0025,0.7535,0.0149,35
force_history_behavior_cloning,delayed_observation_shift,6,0.4867,0.0196,0.2864,0.0157,0.1810,0.0137,0.3673,0.0157,0.1769,0.0148,0.4019,0.0020,0.7377,0.0166,35
force_history_behavior_cloning,embodiment_shift,0,0.4789,0.0163,0.2670,0.0176,0.1844,0.0151,0.4082,0.0200,0.1626,0.0131,0.3911,0.0024,0.7195,0.0164,35
force_history_behavior_cloning,embodiment_shift,1,0.4673,0.0188,0.2609,0.0161,0.1772,0.0134,0.3857,0.0165,0.1551,0.0168,0.3896,0.0025,0.7078,0.0160,35
force_history_behavior_cloning,embodiment_shift,2,0.4765,0.0175,0.2500,0.0146,0.1769,0.0157,0.3956,0.0192,0.1639,0.0116,0.3912,0.0021,0.7032,0.0175,35
force_history_behavior_cloning,embodiment_shift,3,0.4772,0.0181,0.2656,0.0185,0.1677,0.0122,0.4003,0.0159,0.1537,0.0181,0.3904,0.0025,0.7022,0.0185,35
force_history_behavior_cloning,embodiment_shift,4,0.4776,0.0165,0.2782,0.0140,0.1803,0.0136,0.3969,0.0174,0.1599,0.0145,0.3903,0.0023,0.7210,0.0150,35
force_history_behavior_cloning,embodiment_shift,5,0.4820,0.0175,0.2772,0.0162,0.2034,0.0126,0.3915,0.0186,0.1639,0.0127,0.3895,0.0024,0.7416,0.0160,35
force_history_behavior_cloning,embodiment_shift,6,0.4599,0.0183,0.2653,0.0159,0.1755,0.0137,0.3871,0.0181,0.1619,0.0151,0.3920,0.0024,0.7111,0.0161,35
force_history_behavior_cloning,hidden_force_shift,0,0.4772,0.0205,0.2895,0.0146,0.1946,0.0133,0.3854,0.0194,0.1912,0.0124,0.4241,0.0019,0.7745,0.0161,35
force_history_behavior_cloning,hidden_force_shift,1,0.4850,0.0199,0.2810,0.0133,0.1932,0.0149,0.3660,0.0151,0.1765,0.0116,0.4244,0.0021,0.7689,0.0158,35
force_history_behavior_cloning,hidden_force_shift,2,0.4871,0.0222,0.2915,0.0174,0.2112,0.0174,0.3602,0.0170,0.1925,0.0159,0.4242,0.0023,0.7916,0.0213,35
force_history_behavior_cloning,hidden_force_shift,3,0.4776,0.0204,0.2986,0.0162,0.2068,0.0162,0.3827,0.0160,0.1752,0.0143,0.4250,0.0024,0.7921,0.0161,35
force_history_behavior_cloning,hidden_force_shift,4,0.4952,0.0191,0.2959,0.0151,0.1850,0.0136,0.3745,0.0177,0.1952,0.0142,0.4251,0.0024,0.7700,0.0142,35
force_history_behavior_cloning,hidden_force_shift,5,0.4925,0.0168,0.2956,0.0177,0.1918,0.0132,0.3670,0.0164,0.1810,0.0132,0.4243,0.0025,0.7755,0.0170,35
force_history_behavior_cloning,hidden_force_shift,6,0.4997,0.0206,0.2816,0.0185,0.1973,0.0165,0.3769,0.0188,0.1820,0.0133,0.4239,0.0023,0.7727,0.0204,35
force_history_behavior_cloning,nominal,0,0.5793,0.0150,0.2231,0.0143,0.1510,0.0134,0.4173,0.0166,0.1497,0.0133,0.2899,0.0020,0.5625,0.0151,35
force_history_behavior_cloning,nominal,1,0.5714,0.0165,0.2238,0.0152,0.1510,0.0145,0.4075,0.0194,0.1357,0.0127,0.2905,0.0020,0.5634,0.0161,35
force_history_behavior_cloning,nominal,2,0.5878,0.0162,0.2085,0.0164,0.1476,0.0132,0.4095,0.0185,0.1391,0.0157,0.2910,0.0025,0.5523,0.0172,35
force_history_behavior_cloning,nominal,3,0.5769,0.0211,0.2085,0.0181,0.1429,0.0134,0.4241,0.0180,0.1211,0.0135,0.2896,0.0020,0.5464,0.0162,35
force_history_behavior_cloning,nominal,4,0.5779,0.0194,0.2116,0.0138,0.1463,0.0127,0.4153,0.0154,0.1357,0.0145,0.2913,0.0019,0.5530,0.0146,35
force_history_behavior_cloning,nominal,5,0.5711,0.0178,0.2061,0.0172,0.1398,0.0153,0.4190,0.0183,0.1422,0.0118,0.2907,0.0022,0.5433,0.0174,35
force_history_behavior_cloning,nominal,6,0.5854,0.0201,0.2146,0.0132,0.1520,0.0151,0.4248,0.0136,0.1497,0.0127,0.2890,0.0019,0.5579,0.0166,35
observation_only_transformer,combined_stress,0,0.3231,0.0200,0.3340,0.0168,0.2514,0.0185,0.2469,0.0160,0.2262,0.0170,0.4897,0.0026,0.9170,0.0221,35
observation_only_transformer,combined_stress,1,0.3044,0.0151,0.3262,0.0166,0.2323,0.0151,0.2605,0.0166,0.2313,0.0133,0.4872,0.0023,0.8921,0.0173,35
observation_only_transformer,combined_stress,2,0.3173,0.0156,0.3500,0.0134,0.2337,0.0174,0.2561,0.0148,0.2442,0.0160,0.4880,0.0024,0.9073,0.0179,35
observation_only_transformer,combined_stress,3,0.3065,0.0104,0.3286,0.0180,0.2296,0.0159,0.2534,0.0211,0.2354,0.0165,0.4871,0.0023,0.8907,0.0163,35
observation_only_transformer,combined_stress,4,0.3221,0.0176,0.3207,0.0151,0.2238,0.0160,0.2531,0.0152,0.2374,0.0169,0.4897,0.0026,0.8835,0.0193,35
observation_only_transformer,combined_stress,5,0.3153,0.0188,0.3350,0.0163,0.2500,0.0167,0.2568,0.0155,0.2248,0.0166,0.4874,0.0022,0.9140,0.0171,35
observation_only_transformer,combined_stress,6,0.3269,0.0194,0.3527,0.0185,0.2313,0.0149,0.2531,0.0149,0.2391,0.0115,0.4876,0.0025,0.9061,0.0180,35
observation_only_transformer,delayed_observation_shift,0,0.4020,0.0208,0.2986,0.0156,0.2075,0.0114,0.2752,0.0163,0.1908,0.0172,0.4107,0.0023,0.7769,0.0148,35
observation_only_transformer,delayed_observation_shift,1,0.4058,0.0189,0.2898,0.0166,0.2020,0.0142,0.2663,0.0158,0.2082,0.0149,0.4098,0.0022,0.7659,0.0175,35
observation_only_transformer,delayed_observation_shift,2,0.4310,0.0185,0.2925,0.0134,0.2037,0.0132,0.2833,0.0161,0.2058,0.0162,0.4116,0.0025,0.7708,0.0165,35
observation_only_transformer,delayed_observation_shift,3,0.4095,0.0141,0.2983,0.0128,0.1946,0.0155,0.2823,0.0200,0.1976,0.0114,0.4110,0.0021,0.7647,0.0182,35
observation_only_transformer,delayed_observation_shift,4,0.4095,0.0177,0.2976,0.0187,0.2092,0.0153,0.2803,0.0178,0.2112,0.0148,0.4094,0.0022,0.7766,0.0195,35
observation_only_transformer,delayed_observation_shift,5,0.4119,0.0169,0.3044,0.0128,0.2201,0.0173,0.2755,0.0186,0.2058,0.0143,0.4102,0.0029,0.7915,0.0183,35
observation_only_transformer,delayed_observation_shift,6,0.4228,0.0201,0.2946,0.0164,0.1918,0.0153,0.2707,0.0153,0.2245,0.0175,0.4101,0.0021,0.7591,0.0181,35
observation_only_transformer,embodiment_shift,0,0.4112,0.0176,0.2741,0.0164,0.1956,0.0126,0.2918,0.0161,0.1827,0.0132,0.3985,0.0018,0.7398,0.0133,35
observation_only_transformer,embodiment_shift,1,0.4187,0.0206,0.2820,0.0145,0.1963,0.0129,0.3044,0.0165,0.1779,0.0125,0.4006,0.0026,0.7470,0.0164,35
observation_only_transformer,embodiment_shift,2,0.4129,0.0223,0.2823,0.0168,0.1966,0.0156,0.2891,0.0141,0.1833,0.0174,0.4000,0.0019,0.7468,0.0193,35
observation_only_transformer,embodiment_shift,3,0.4058,0.0197,0.2918,0.0155,0.1922,0.0158,0.2935,0.0197,0.1854,0.0133,0.3996,0.0026,0.7475,0.0192,35
observation_only_transformer,embodiment_shift,4,0.4037,0.0163,0.2847,0.0179,0.1956,0.0154,0.2850,0.0160,0.1878,0.0136,0.3959,0.0021,0.7431,0.0180,35
observation_only_transformer,embodiment_shift,5,0.4201,0.0171,0.2864,0.0177,0.1840,0.0144,0.3058,0.0145,0.1748,0.0154,0.3999,0.0022,0.7370,0.0141,35
observation_only_transformer,embodiment_shift,6,0.4238,0.0191,0.2915,0.0176,0.1806,0.0152,0.2806,0.0185,0.1769,0.0121,0.4003,0.0019,0.7370,0.0188,35
observation_only_transformer,hidden_force_shift,0,0.4007,0.0197,0.3031,0.0197,0.2099,0.0108,0.2582,0.0137,0.2116,0.0131,0.4325,0.0024,0.8033,0.0165,35
observation_only_transformer,hidden_force_shift,1,0.4252,0.0161,0.3241,0.0147,0.2075,0.0143,0.2844,0.0143,0.2167,0.0112,0.4330,0.0021,0.8132,0.0154,35
observation_only_transformer,hidden_force_shift,2,0.4099,0.0187,0.3020,0.0161,0.2000,0.0141,0.2629,0.0178,0.2048,0.0155,0.4336,0.0023,0.7945,0.0145,35
observation_only_transformer,hidden_force_shift,3,0.4282,0.0213,0.3054,0.0149,0.2027,0.0158,0.2656,0.0176,0.2150,0.0119,0.4331,0.0022,0.7985,0.0164,35
observation_only_transformer,hidden_force_shift,4,0.4163,0.0171,0.3041,0.0162,0.1935,0.0146,0.2653,0.0157,0.2122,0.0159,0.4320,0.0020,0.7879,0.0168,35
observation_only_transformer,hidden_force_shift,5,0.3983,0.0181,0.3078,0.0185,0.1932,0.0130,0.2823,0.0174,0.2071,0.0145,0.4322,0.0022,0.7899,0.0160,35
observation_only_transformer,hidden_force_shift,6,0.4259,0.0189,0.2976,0.0145,0.2075,0.0169,0.2718,0.0172,0.2207,0.0128,0.4328,0.0023,0.7984,0.0170,35
observation_only_transformer,nominal,0,0.5228,0.0235,0.2241,0.0156,0.1466,0.0135,0.3048,0.0168,0.1639,0.0124,0.2956,0.0025,0.5629,0.0145,35
observation_only_transformer,nominal,1,0.5248,0.0146,0.2207,0.0162,0.1480,0.0104,0.3255,0.0173,0.1724,0.0155,0.2979,0.0021,0.5647,0.0117,35
observation_only_transformer,nominal,2,0.5432,0.0224,0.2116,0.0134,0.1568,0.0141,0.3116,0.0174,0.1459,0.0155,0.3005,0.0026,0.5707,0.0157,35
observation_only_transformer,nominal,3,0.5333,0.0194,0.2122,0.0132,0.1483,0.0121,0.3075,0.0222,0.1548,0.0127,0.2993,0.0022,0.5617,0.0141,35
observation_only_transformer,nominal,4,0.5340,0.0186,0.2187,0.0142,0.1680,0.0138,0.3129,0.0125,0.1595,0.0127,0.2979,0.0021,0.5826,0.0128,35
observation_only_transformer,nominal,5,0.5347,0.0174,0.2167,0.0147,0.1452,0.0128,0.3371,0.0188,0.1609,0.0120,0.2980,0.0022,0.5599,0.0142,35
observation_only_transformer,nominal,6,0.5361,0.0186,0.2354,0.0147,0.1517,0.0147,0.3126,0.0147,0.1551,0.0159,0.2979,0.0022,0.5763,0.0160,35
online_residual_system_id,combined_stress,0,0.4993,0.0232,0.2762,0.0143,0.1765,0.0136,0.4279,0.0163,0.2299,0.0148,0.4867,0.0024,0.8287,0.0139,35
online_residual_system_id,combined_stress,1,0.5116,0.0214,0.2694,0.0205,0.1888,0.0138,0.4517,0.0174,0.2293,0.0164,0.4860,0.0020,0.8359,0.0184,35
online_residual_system_id,combined_stress,2,0.5160,0.0176,0.2653,0.0138,0.1861,0.0142,0.4388,0.0206,0.2279,0.0159,0.4853,0.0024,0.8304,0.0170,35
online_residual_system_id,combined_stress,3,0.4908,0.0218,0.2673,0.0153,0.1881,0.0120,0.4374,0.0156,0.2248,0.0155,0.4843,0.0026,0.8324,0.0140,35
online_residual_system_id,combined_stress,4,0.5177,0.0210,0.2786,0.0163,0.1755,0.0121,0.4534,0.0178,0.2282,0.0141,0.4867,0.0024,0.8291,0.0169,35
online_residual_system_id,combined_stress,5,0.4956,0.0145,0.2588,0.0205,0.1918,0.0112,0.4490,0.0208,0.2214,0.0143,0.4876,0.0025,0.8346,0.0154,35
online_residual_system_id,combined_stress,6,0.4976,0.0199,0.2793,0.0157,0.1932,0.0149,0.4456,0.0207,0.2211,0.0131,0.4845,0.0025,0.8440,0.0189,35
online_residual_system_id,delayed_observation_shift,0,0.5548,0.0195,0.2184,0.0175,0.1718,0.0122,0.4667,0.0165,0.2078,0.0106,0.4083,0.0019,0.7140,0.0159,35
online_residual_system_id,delayed_observation_shift,1,0.5449,0.0210,0.2340,0.0127,0.1537,0.0153,0.4925,0.0180,0.2119,0.0140,0.4067,0.0026,0.7038,0.0152,35
online_residual_system_id,delayed_observation_shift,2,0.5469,0.0195,0.2187,0.0134,0.1514,0.0140,0.4551,0.0188,0.2051,0.0149,0.4073,0.0025,0.6937,0.0178,35
online_residual_system_id,delayed_observation_shift,3,0.5456,0.0174,0.2211,0.0157,0.1663,0.0150,0.4755,0.0192,0.2051,0.0134,0.4073,0.0021,0.7093,0.0167,35
online_residual_system_id,delayed_observation_shift,4,0.5344,0.0150,0.2306,0.0175,0.1578,0.0142,0.4759,0.0182,0.2112,0.0178,0.4072,0.0023,0.7064,0.0158,35
online_residual_system_id,delayed_observation_shift,5,0.5252,0.0227,0.2248,0.0127,0.1718,0.0152,0.4612,0.0223,0.2061,0.0152,0.4062,0.0022,0.7154,0.0162,35
online_residual_system_id,delayed_observation_shift,6,0.5367,0.0195,0.2177,0.0154,0.1629,0.0123,0.4633,0.0153,0.2092,0.0161,0.4081,0.0024,0.7050,0.0116,35
online_residual_system_id,embodiment_shift,0,0.5694,0.0157,0.2078,0.0167,0.1473,0.0112,0.4925,0.0147,0.1956,0.0155,0.3954,0.0029,0.6720,0.0161,35
online_residual_system_id,embodiment_shift,1,0.5690,0.0171,0.2184,0.0126,0.1449,0.0136,0.5000,0.0224,0.2020,0.0108,0.3956,0.0021,0.6757,0.0144,35
online_residual_system_id,embodiment_shift,2,0.5752,0.0218,0.2048,0.0132,0.1415,0.0125,0.4915,0.0220,0.1901,0.0125,0.3957,0.0025,0.6651,0.0145,35
online_residual_system_id,embodiment_shift,3,0.5588,0.0214,0.2119,0.0171,0.1517,0.0169,0.4803,0.0198,0.2027,0.0132,0.3959,0.0023,0.6789,0.0192,35
online_residual_system_id,embodiment_shift,4,0.5585,0.0194,0.2150,0.0153,0.1459,0.0136,0.4946,0.0198,0.1898,0.0136,0.3964,0.0020,0.6757,0.0126,35
online_residual_system_id,embodiment_shift,5,0.5507,0.0143,0.2190,0.0135,0.1571,0.0132,0.4701,0.0166,0.1864,0.0161,0.3965,0.0027,0.6887,0.0162,35
online_residual_system_id,embodiment_shift,6,0.5667,0.0225,0.2126,0.0165,0.1459,0.0115,0.4867,0.0138,0.1820,0.0169,0.3955,0.0023,0.6734,0.0153,35
online_residual_system_id,hidden_force_shift,0,0.5626,0.0188,0.2316,0.0150,0.1588,0.0124,0.4497,0.0189,0.2224,0.0169,0.4281,0.0021,0.7288,0.0146,35
online_residual_system_id,hidden_force_shift,1,0.5643,0.0165,0.2224,0.0155,0.1776,0.0139,0.4602,0.0172,0.2170,0.0194,0.4308,0.0022,0.7442,0.0170,35
online_residual_system_id,hidden_force_shift,2,0.5646,0.0153,0.2282,0.0137,0.1741,0.0138,0.4558,0.0207,0.2313,0.0166,0.4285,0.0024,0.7419,0.0170,35
online_residual_system_id,hidden_force_shift,3,0.5452,0.0161,0.2330,0.0205,0.1592,0.0125,0.4575,0.0173,0.2177,0.0152,0.4298,0.0020,0.7316,0.0182,35
online_residual_system_id,hidden_force_shift,4,0.5435,0.0209,0.2408,0.0155,0.1684,0.0154,0.4463,0.0180,0.2136,0.0160,0.4279,0.0025,0.7427,0.0153,35
online_residual_system_id,hidden_force_shift,5,0.5425,0.0201,0.2391,0.0158,0.1531,0.0148,0.4680,0.0190,0.2126,0.0120,0.4303,0.0026,0.7296,0.0148,35
online_residual_system_id,hidden_force_shift,6,0.5561,0.0176,0.2367,0.0148,0.1711,0.0156,0.4599,0.0167,0.2061,0.0152,0.4297,0.0023,0.7449,0.0163,35
online_residual_system_id,nominal,0,0.6201,0.0182,0.1527,0.0140,0.1102,0.0092,0.5146,0.0173,0.1755,0.0131,0.2966,0.0020,0.5077,0.0120,35
online_residual_system_id,nominal,1,0.6252,0.0181,0.1534,0.0123,0.1184,0.0104,0.4922,0.0210,0.1796,0.0113,0.2925,0.0020,0.5117,0.0128,35
online_residual_system_id,nominal,2,0.6150,0.0186,0.1619,0.0131,0.1201,0.0108,0.5095,0.0144,0.1752,0.0123,0.2948,0.0021,0.5203,0.0145,35
online_residual_system_id,nominal,3,0.6000,0.0173,0.1527,0.0141,0.1133,0.0149,0.4966,0.0175,0.1762,0.0164,0.2957,0.0025,0.5097,0.0163,35
online_residual_system_id,nominal,4,0.6095,0.0175,0.1646,0.0123,0.1092,0.0113,0.5061,0.0169,0.1718,0.0136,0.2965,0.0021,0.5132,0.0123,35
online_residual_system_id,nominal,5,0.6201,0.0178,0.1517,0.0135,0.1129,0.0124,0.4949,0.0216,0.1820,0.0130,0.2954,0.0022,0.5085,0.0127,35
online_residual_system_id,nominal,6,0.6293,0.0173,0.1480,0.0120,0.1167,0.0087,0.5207,0.0166,0.1813,0.0149,0.2951,0.0017,0.5097,0.0114,35
oracle_latent_force_planner,combined_stress,0,0.8357,0.0161,0.1827,0.0159,0.1371,0.0137,0.8224,0.0121,0.0541,0.0085,0.4398,0.0027,0.6857,0.0145,35
oracle_latent_force_planner,combined_stress,1,0.8286,0.0180,0.1949,0.0156,0.1303,0.0138,0.8187,0.0148,0.0514,0.0112,0.4381,0.0025,0.6843,0.0173,35
oracle_latent_force_planner,combined_stress,2,0.8367,0.0168,0.1738,0.0128,0.1303,0.0143,0.8313,0.0146,0.0452,0.0062,0.4381,0.0018,0.6726,0.0165,35
oracle_latent_force_planner,combined_stress,3,0.8238,0.0154,0.1857,0.0155,0.1286,0.0104,0.8276,0.0164,0.0466,0.0069,0.4386,0.0022,0.6781,0.0134,35
oracle_latent_force_planner,combined_stress,4,0.8439,0.0150,0.1980,0.0110,0.1303,0.0134,0.8201,0.0141,0.0588,0.0081,0.4377,0.0024,0.6855,0.0140,35
oracle_latent_force_planner,combined_stress,5,0.8207,0.0145,0.1898,0.0145,0.1384,0.0129,0.8041,0.0131,0.0571,0.0079,0.4382,0.0026,0.6893,0.0153,35
oracle_latent_force_planner,combined_stress,6,0.8422,0.0117,0.1782,0.0167,0.1493,0.0126,0.8160,0.0169,0.0558,0.0070,0.4374,0.0019,0.6925,0.0171,35
oracle_latent_force_planner,delayed_observation_shift,0,0.8286,0.0144,0.1408,0.0113,0.0949,0.0109,0.8398,0.0123,0.0551,0.0070,0.3607,0.0029,0.5435,0.0109,35
oracle_latent_force_planner,delayed_observation_shift,1,0.8269,0.0127,0.1422,0.0134,0.1031,0.0109,0.8551,0.0111,0.0527,0.0084,0.3597,0.0023,0.5510,0.0110,35
oracle_latent_force_planner,delayed_observation_shift,2,0.8187,0.0162,0.1500,0.0112,0.1099,0.0120,0.8473,0.0145,0.0497,0.0078,0.3590,0.0024,0.5611,0.0134,35
oracle_latent_force_planner,delayed_observation_shift,3,0.8303,0.0164,0.1354,0.0140,0.1068,0.0094,0.8524,0.0137,0.0582,0.0065,0.3587,0.0027,0.5498,0.0114,35
oracle_latent_force_planner,delayed_observation_shift,4,0.8354,0.0169,0.1510,0.0142,0.1014,0.0131,0.8442,0.0134,0.0497,0.0093,0.3602,0.0025,0.5548,0.0172,35
oracle_latent_force_planner,delayed_observation_shift,5,0.8197,0.0154,0.1364,0.0122,0.1010,0.0110,0.8585,0.0134,0.0480,0.0073,0.3591,0.0026,0.5453,0.0121,35
oracle_latent_force_planner,delayed_observation_shift,6,0.8371,0.0125,0.1361,0.0119,0.1000,0.0114,0.8469,0.0167,0.0507,0.0076,0.3591,0.0023,0.5441,0.0152,35
oracle_latent_force_planner,embodiment_shift,0,0.8037,0.0138,0.1204,0.0112,0.1082,0.0122,0.8605,0.0142,0.0517,0.0081,0.3484,0.0017,0.5326,0.0134,35
oracle_latent_force_planner,embodiment_shift,1,0.8105,0.0178,0.1320,0.0125,0.0976,0.0126,0.8667,0.0119,0.0514,0.0089,0.3500,0.0025,0.5305,0.0167,35
oracle_latent_force_planner,embodiment_shift,2,0.8037,0.0150,0.1218,0.0122,0.0980,0.0128,0.8629,0.0131,0.0384,0.0061,0.3488,0.0025,0.5241,0.0145,35
oracle_latent_force_planner,embodiment_shift,3,0.8037,0.0168,0.1262,0.0100,0.1065,0.0116,0.8588,0.0132,0.0517,0.0087,0.3507,0.0020,0.5365,0.0140,35
oracle_latent_force_planner,embodiment_shift,4,0.8139,0.0136,0.1197,0.0121,0.1007,0.0078,0.8799,0.0126,0.0544,0.0101,0.3485,0.0022,0.5252,0.0115,35
oracle_latent_force_planner,embodiment_shift,5,0.8099,0.0153,0.1235,0.0123,0.1031,0.0131,0.8765,0.0123,0.0442,0.0071,0.3500,0.0017,0.5310,0.0139,35
oracle_latent_force_planner,embodiment_shift,6,0.8048,0.0132,0.1310,0.0129,0.1010,0.0122,0.8731,0.0129,0.0469,0.0091,0.3484,0.0026,0.5316,0.0152,35
oracle_latent_force_planner,hidden_force_shift,0,0.7908,0.0185,0.1544,0.0135,0.1095,0.0117,0.8469,0.0119,0.0531,0.0078,0.3834,0.0026,0.5876,0.0142,35
oracle_latent_force_planner,hidden_force_shift,1,0.8133,0.0133,0.1582,0.0166,0.1211,0.0115,0.8480,0.0123,0.0503,0.0077,0.3830,0.0018,0.6002,0.0160,35
oracle_latent_force_planner,hidden_force_shift,2,0.8041,0.0145,0.1503,0.0160,0.0993,0.0116,0.8531,0.0128,0.0548,0.0086,0.3828,0.0019,0.5750,0.0150,35
oracle_latent_force_planner,hidden_force_shift,3,0.7942,0.0157,0.1588,0.0158,0.1112,0.0120,0.8520,0.0125,0.0456,0.0078,0.3806,0.0019,0.5889,0.0150,35
oracle_latent_force_planner,hidden_force_shift,4,0.8031,0.0158,0.1527,0.0136,0.1143,0.0120,0.8510,0.0139,0.0449,0.0070,0.3819,0.0022,0.5897,0.0146,35
oracle_latent_force_planner,hidden_force_shift,5,0.7956,0.0164,0.1381,0.0149,0.1133,0.0134,0.8486,0.0142,0.0510,0.0073,0.3832,0.0016,0.5820,0.0157,35
oracle_latent_force_planner,hidden_force_shift,6,0.8041,0.0129,0.1527,0.0152,0.1122,0.0140,0.8354,0.0137,0.0568,0.0087,0.3838,0.0023,0.5897,0.0187,35
oracle_latent_force_planner,nominal,0,0.7888,0.0124,0.0677,0.0112,0.0646,0.0097,0.8932,0.0109,0.0493,0.0086,0.2478,0.0022,0.3616,0.0119,35
oracle_latent_force_planner,nominal,1,0.8031,0.0132,0.0694,0.0097,0.0561,0.0080,0.8878,0.0111,0.0466,0.0072,0.2485,0.0021,0.3552,0.0109,35
oracle_latent_force_planner,nominal,2,0.7908,0.0156,0.0799,0.0096,0.0684,0.0107,0.8820,0.0126,0.0459,0.0077,0.2480,0.0020,0.3721,0.0129,35
oracle_latent_force_planner,nominal,3,0.7922,0.0147,0.0765,0.0109,0.0656,0.0115,0.8895,0.0102,0.0463,0.0085,0.2479,0.0019,0.3675,0.0119,35
oracle_latent_force_planner,nominal,4,0.7990,0.0187,0.0728,0.0090,0.0520,0.0081,0.8810,0.0101,0.0459,0.0085,0.2485,0.0025,0.3532,0.0108,35
oracle_latent_force_planner,nominal,5,0.8071,0.0139,0.0718,0.0097,0.0639,0.0107,0.8915,0.0115,0.0520,0.0091,0.2486,0.0021,0.3640,0.0114,35
oracle_latent_force_planner,nominal,6,0.7881,0.0121,0.0803,0.0100,0.0622,0.0085,0.8820,0.0116,0.0456,0.0068,0.2509,0.0021,0.3694,0.0099,35
proposed_force_memory_transformer,combined_stress,0,0.6718,0.0208,0.2207,0.0174,0.1721,0.0141,0.6707,0.0172,0.1187,0.0103,0.4597,0.0024,0.7614,0.0174,35
proposed_force_memory_transformer,combined_stress,1,0.6514,0.0199,0.2306,0.0177,0.1575,0.0145,0.6510,0.0174,0.1146,0.0124,0.4608,0.0024,0.7540,0.0186,35
proposed_force_memory_transformer,combined_stress,2,0.6609,0.0176,0.2391,0.0152,0.1558,0.0147,0.6626,0.0167,0.1180,0.0117,0.4597,0.0020,0.7560,0.0173,35
proposed_force_memory_transformer,combined_stress,3,0.6670,0.0168,0.2143,0.0138,0.1520,0.0126,0.6752,0.0200,0.1102,0.0090,0.4612,0.0025,0.7403,0.0167,35
proposed_force_memory_transformer,combined_stress,4,0.6735,0.0154,0.2452,0.0147,0.1629,0.0108,0.6480,0.0158,0.1102,0.0111,0.4590,0.0022,0.7655,0.0136,35
proposed_force_memory_transformer,combined_stress,5,0.6595,0.0175,0.2412,0.0198,0.1653,0.0151,0.6554,0.0187,0.1105,0.0111,0.4606,0.0024,0.7671,0.0194,35
proposed_force_memory_transformer,combined_stress,6,0.6633,0.0214,0.2276,0.0142,0.1636,0.0146,0.6684,0.0175,0.1184,0.0127,0.4604,0.0023,0.7578,0.0153,35
proposed_force_memory_transformer,delayed_observation_shift,0,0.6956,0.0171,0.1857,0.0133,0.1262,0.0114,0.6653,0.0205,0.1095,0.0103,0.3818,0.0026,0.6206,0.0148,35
proposed_force_memory_transformer,delayed_observation_shift,1,0.6786,0.0155,0.1874,0.0144,0.1296,0.0137,0.6918,0.0179,0.1051,0.0129,0.3842,0.0023,0.6272,0.0171,35
proposed_force_memory_transformer,delayed_observation_shift,2,0.7034,0.0218,0.1922,0.0150,0.1201,0.0124,0.6799,0.0170,0.1075,0.0122,0.3816,0.0020,0.6181,0.0155,35
proposed_force_memory_transformer,delayed_observation_shift,3,0.6915,0.0180,0.1925,0.0159,0.1296,0.0142,0.6639,0.0188,0.1037,0.0110,0.3818,0.0023,0.6276,0.0145,35
proposed_force_memory_transformer,delayed_observation_shift,4,0.6884,0.0168,0.1946,0.0153,0.1286,0.0121,0.6643,0.0191,0.1102,0.0130,0.3837,0.0017,0.6296,0.0146,35
proposed_force_memory_transformer,delayed_observation_shift,5,0.6912,0.0186,0.1939,0.0146,0.1276,0.0104,0.6874,0.0183,0.1010,0.0117,0.3815,0.0021,0.6261,0.0114,35
proposed_force_memory_transformer,delayed_observation_shift,6,0.6986,0.0165,0.1857,0.0116,0.1320,0.0100,0.6793,0.0142,0.1048,0.0082,0.3840,0.0021,0.6283,0.0134,35
proposed_force_memory_transformer,embodiment_shift,0,0.6554,0.0199,0.1820,0.0177,0.1296,0.0106,0.6861,0.0192,0.1034,0.0100,0.3708,0.0021,0.6108,0.0153,35
proposed_force_memory_transformer,embodiment_shift,1,0.6643,0.0179,0.1735,0.0137,0.1296,0.0119,0.7109,0.0173,0.1017,0.0113,0.3715,0.0025,0.6068,0.0124,35
proposed_force_memory_transformer,embodiment_shift,2,0.6789,0.0151,0.1752,0.0129,0.1306,0.0115,0.7150,0.0176,0.1058,0.0097,0.3704,0.0022,0.6076,0.0133,35
proposed_force_memory_transformer,embodiment_shift,3,0.6616,0.0162,0.1605,0.0113,0.1194,0.0119,0.7075,0.0156,0.1000,0.0104,0.3707,0.0022,0.5892,0.0132,35
proposed_force_memory_transformer,embodiment_shift,4,0.6711,0.0188,0.1680,0.0134,0.1381,0.0130,0.7031,0.0212,0.1051,0.0123,0.3720,0.0018,0.6124,0.0160,35
proposed_force_memory_transformer,embodiment_shift,5,0.6793,0.0196,0.1701,0.0118,0.1218,0.0129,0.7037,0.0136,0.1010,0.0115,0.3711,0.0020,0.5971,0.0144,35
proposed_force_memory_transformer,embodiment_shift,6,0.6643,0.0177,0.1721,0.0120,0.1252,0.0137,0.7017,0.0161,0.0956,0.0113,0.3712,0.0022,0.6016,0.0128,35
proposed_force_memory_transformer,hidden_force_shift,0,0.6704,0.0197,0.1847,0.0152,0.1357,0.0108,0.6782,0.0197,0.1041,0.0105,0.4042,0.0023,0.6515,0.0155,35
proposed_force_memory_transformer,hidden_force_shift,1,0.6718,0.0157,0.2051,0.0128,0.1520,0.0124,0.6690,0.0173,0.1078,0.0112,0.4027,0.0023,0.6768,0.0146,35
proposed_force_memory_transformer,hidden_force_shift,2,0.6840,0.0217,0.1857,0.0093,0.1459,0.0141,0.6643,0.0189,0.1139,0.0118,0.4037,0.0021,0.6613,0.0142,35
proposed_force_memory_transformer,hidden_force_shift,3,0.6762,0.0199,0.2010,0.0203,0.1429,0.0132,0.6786,0.0171,0.1102,0.0123,0.4035,0.0023,0.6666,0.0181,35
proposed_force_memory_transformer,hidden_force_shift,4,0.6653,0.0153,0.1929,0.0126,0.1435,0.0142,0.6796,0.0171,0.1054,0.0128,0.4054,0.0019,0.6646,0.0169,35
proposed_force_memory_transformer,hidden_force_shift,5,0.6986,0.0202,0.2000,0.0159,0.1442,0.0111,0.6813,0.0168,0.1017,0.0099,0.4051,0.0021,0.6689,0.0146,35
proposed_force_memory_transformer,hidden_force_shift,6,0.6483,0.0196,0.1986,0.0145,0.1459,0.0127,0.6772,0.0177,0.1204,0.0117,0.4060,0.0025,0.6707,0.0164,35
proposed_force_memory_transformer,nominal,0,0.7088,0.0187,0.1122,0.0130,0.0888,0.0107,0.7197,0.0201,0.0942,0.0100,0.2716,0.0019,0.4345,0.0141,35
proposed_force_memory_transformer,nominal,1,0.7102,0.0154,0.1126,0.0107,0.0874,0.0125,0.7276,0.0141,0.0912,0.0122,0.2709,0.0017,0.4326,0.0137,35
proposed_force_memory_transformer,nominal,2,0.7163,0.0175,0.1177,0.0140,0.0759,0.0088,0.7184,0.0168,0.0976,0.0102,0.2723,0.0018,0.4259,0.0107,35
proposed_force_memory_transformer,nominal,3,0.7003,0.0171,0.1248,0.0146,0.0891,0.0110,0.7065,0.0169,0.0935,0.0110,0.2716,0.0019,0.4418,0.0134,35
proposed_force_memory_transformer,nominal,4,0.7048,0.0139,0.1211,0.0117,0.0942,0.0108,0.7354,0.0172,0.0918,0.0102,0.2713,0.0022,0.4442,0.0119,35
proposed_force_memory_transformer,nominal,5,0.7139,0.0150,0.1194,0.0124,0.0905,0.0131,0.7306,0.0178,0.0895,0.0117,0.2708,0.0020,0.4392,0.0144,35
proposed_force_memory_transformer,nominal,6,0.7065,0.0177,0.1109,0.0139,0.0956,0.0128,0.7252,0.0165,0.0854,0.0101,0.2699,0.0025,0.4385,0.0129,35
recurrent_contact_policy,combined_stress,0,0.4456,0.0180,0.3007,0.0132,0.2109,0.0176,0.4160,0.0173,0.1707,0.0117,0.4768,0.0022,0.8505,0.0175,35
recurrent_contact_policy,combined_stress,1,0.4531,0.0175,0.3054,0.0164,0.2313,0.0191,0.4153,0.0169,0.1782,0.0125,0.4739,0.0027,0.8696,0.0217,35
recurrent_contact_policy,combined_stress,2,0.4619,0.0165,0.3143,0.0155,0.2214,0.0150,0.4204,0.0205,0.1844,0.0134,0.4755,0.0019,0.8667,0.0155,35
recurrent_contact_policy,combined_stress,3,0.4616,0.0220,0.3078,0.0165,0.2095,0.0141,0.4119,0.0192,0.1837,0.0154,0.4751,0.0020,0.8515,0.0172,35
recurrent_contact_policy,combined_stress,4,0.4646,0.0204,0.3265,0.0174,0.2010,0.0152,0.4102,0.0229,0.1799,0.0123,0.4744,0.0023,0.8530,0.0185,35
recurrent_contact_policy,combined_stress,5,0.4605,0.0181,0.3143,0.0173,0.2092,0.0133,0.3891,0.0218,0.1850,0.0130,0.4778,0.0023,0.8573,0.0180,35
recurrent_contact_policy,combined_stress,6,0.4588,0.0207,0.3082,0.0161,0.2105,0.0130,0.3993,0.0193,0.1799,0.0118,0.4758,0.0026,0.8533,0.0150,35
recurrent_contact_policy,delayed_observation_shift,0,0.5167,0.0138,0.2816,0.0162,0.1806,0.0179,0.4286,0.0220,0.1571,0.0116,0.3991,0.0025,0.7336,0.0205,35
recurrent_contact_policy,delayed_observation_shift,1,0.5054,0.0155,0.2735,0.0153,0.1779,0.0113,0.4364,0.0159,0.1534,0.0143,0.3967,0.0026,0.7241,0.0134,35
recurrent_contact_policy,delayed_observation_shift,2,0.5248,0.0232,0.2636,0.0154,0.1929,0.0132,0.4483,0.0190,0.1602,0.0108,0.3971,0.0025,0.7333,0.0185,35
recurrent_contact_policy,delayed_observation_shift,3,0.5211,0.0155,0.2561,0.0164,0.1799,0.0130,0.4531,0.0155,0.1599,0.0142,0.3964,0.0017,0.7162,0.0171,35
recurrent_contact_policy,delayed_observation_shift,4,0.5255,0.0188,0.2629,0.0156,0.1728,0.0127,0.4286,0.0158,0.1592,0.0161,0.3996,0.0021,0.7164,0.0142,35
recurrent_contact_policy,delayed_observation_shift,5,0.5221,0.0212,0.2721,0.0168,0.1721,0.0146,0.4408,0.0202,0.1500,0.0142,0.3980,0.0023,0.7192,0.0163,35
recurrent_contact_policy,delayed_observation_shift,6,0.5105,0.0183,0.2534,0.0154,0.1854,0.0128,0.4357,0.0177,0.1554,0.0117,0.3956,0.0023,0.7190,0.0156,35
recurrent_contact_policy,embodiment_shift,0,0.5228,0.0146,0.2514,0.0133,0.1861,0.0139,0.4531,0.0137,0.1493,0.0108,0.3860,0.0021,0.7090,0.0160,35
recurrent_contact_policy,embodiment_shift,1,0.5082,0.0194,0.2534,0.0143,0.1714,0.0138,0.4476,0.0234,0.1374,0.0124,0.3878,0.0023,0.6980,0.0159,35
recurrent_contact_policy,embodiment_shift,2,0.5095,0.0198,0.2476,0.0175,0.1776,0.0124,0.4571,0.0175,0.1565,0.0116,0.3864,0.0020,0.6993,0.0173,35
recurrent_contact_policy,embodiment_shift,3,0.5092,0.0188,0.2415,0.0145,0.1755,0.0168,0.4289,0.0217,0.1405,0.0124,0.3849,0.0021,0.6924,0.0168,35
recurrent_contact_policy,embodiment_shift,4,0.5279,0.0183,0.2449,0.0142,0.1714,0.0142,0.4446,0.0188,0.1429,0.0148,0.3857,0.0021,0.6913,0.0160,35
recurrent_contact_policy,embodiment_shift,5,0.5156,0.0181,0.2435,0.0188,0.1697,0.0159,0.4378,0.0185,0.1561,0.0125,0.3853,0.0025,0.6885,0.0196,35
recurrent_contact_policy,embodiment_shift,6,0.5170,0.0208,0.2463,0.0164,0.1816,0.0132,0.4395,0.0186,0.1432,0.0150,0.3860,0.0022,0.7020,0.0172,35
recurrent_contact_policy,hidden_force_shift,0,0.5340,0.0225,0.2973,0.0166,0.1833,0.0146,0.4316,0.0171,0.1701,0.0147,0.4209,0.0021,0.7665,0.0170,35
recurrent_contact_policy,hidden_force_shift,1,0.5255,0.0228,0.2850,0.0209,0.1799,0.0143,0.4333,0.0197,0.1697,0.0140,0.4192,0.0026,0.7549,0.0163,35
recurrent_contact_policy,hidden_force_shift,2,0.5241,0.0191,0.2741,0.0145,0.1993,0.0154,0.4177,0.0127,0.1650,0.0143,0.4190,0.0021,0.7672,0.0157,35
recurrent_contact_policy,hidden_force_shift,3,0.5337,0.0191,0.2704,0.0156,0.1793,0.0136,0.4350,0.0160,0.1690,0.0139,0.4180,0.0023,0.7451,0.0145,35
recurrent_contact_policy,hidden_force_shift,4,0.5303,0.0174,0.2752,0.0180,0.1963,0.0156,0.4126,0.0178,0.1639,0.0149,0.4206,0.0022,0.7664,0.0192,35
recurrent_contact_policy,hidden_force_shift,5,0.5357,0.0229,0.2602,0.0135,0.1813,0.0142,0.4163,0.0174,0.1714,0.0105,0.4193,0.0023,0.7426,0.0148,35
recurrent_contact_policy,hidden_force_shift,6,0.5241,0.0175,0.2765,0.0130,0.1850,0.0154,0.4384,0.0161,0.1731,0.0167,0.4193,0.0024,0.7552,0.0175,35
recurrent_contact_policy,nominal,0,0.5956,0.0205,0.2082,0.0162,0.1405,0.0114,0.4741,0.0202,0.1265,0.0130,0.2839,0.0019,0.5398,0.0129,35
recurrent_contact_policy,nominal,1,0.5946,0.0179,0.1973,0.0130,0.1439,0.0150,0.4748,0.0176,0.1367,0.0114,0.2862,0.0022,0.5394,0.0178,35
recurrent_contact_policy,nominal,2,0.5956,0.0178,0.1983,0.0152,0.1391,0.0125,0.4690,0.0177,0.1296,0.0132,0.2860,0.0022,0.5352,0.0144,35
recurrent_contact_policy,nominal,3,0.6024,0.0183,0.1929,0.0134,0.1558,0.0162,0.4796,0.0191,0.1299,0.0127,0.2862,0.0021,0.5482,0.0190,35
recurrent_contact_policy,nominal,4,0.5993,0.0172,0.1986,0.0143,0.1463,0.0134,0.4748,0.0168,0.1296,0.0130,0.2843,0.0024,0.5404,0.0158,35
recurrent_contact_policy,nominal,5,0.6187,0.0223,0.1966,0.0136,0.1551,0.0132,0.4707,0.0162,0.1167,0.0114,0.2852,0.0025,0.5486,0.0163,35
recurrent_contact_policy,nominal,6,0.6272,0.0186,0.2003,0.0143,0.1327,0.0128,0.4793,0.0168,0.1245,0.0102,0.2842,0.0024,0.5284,0.0146,35
robust_force_threshold_mpc,combined_stress,0,0.3874,0.0152,0.2299,0.0183,0.1619,0.0124,0.2915,0.0170,0.3065,0.0175,0.5133,0.0019,0.8224,0.0153,35
robust_force_threshold_mpc,combined_stress,1,0.4024,0.0205,0.2262,0.0163,0.1724,0.0146,0.2949,0.0188,0.3051,0.0172,0.5146,0.0021,0.8316,0.0181,35
robust_force_threshold_mpc,combined_stress,2,0.4037,0.0208,0.2289,0.0168,0.1772,0.0128,0.3119,0.0162,0.2990,0.0205,0.5131,0.0022,0.8361,0.0171,35
robust_force_threshold_mpc,combined_stress,3,0.4139,0.0186,0.2279,0.0126,0.1748,0.0127,0.2990,0.0228,0.2871,0.0139,0.5123,0.0019,0.8326,0.0138,35
robust_force_threshold_mpc,combined_stress,4,0.3782,0.0191,0.2483,0.0151,0.1707,0.0115,0.3037,0.0159,0.2946,0.0131,0.5140,0.0024,0.8415,0.0149,35
robust_force_threshold_mpc,combined_stress,5,0.3956,0.0157,0.2207,0.0131,0.1677,0.0117,0.2983,0.0175,0.2871,0.0141,0.5126,0.0017,0.8221,0.0133,35
robust_force_threshold_mpc,combined_stress,6,0.3946,0.0176,0.2207,0.0178,0.1578,0.0109,0.3129,0.0163,0.2874,0.0154,0.5135,0.0025,0.8137,0.0149,35
robust_force_threshold_mpc,delayed_observation_shift,0,0.4728,0.0179,0.1765,0.0133,0.1323,0.0106,0.3265,0.0132,0.2653,0.0170,0.4351,0.0020,0.6867,0.0115,35
robust_force_threshold_mpc,delayed_observation_shift,1,0.4612,0.0209,0.1837,0.0143,0.1364,0.0121,0.3289,0.0193,0.2711,0.0143,0.4343,0.0023,0.6937,0.0131,35
robust_force_threshold_mpc,delayed_observation_shift,2,0.4534,0.0180,0.1827,0.0121,0.1340,0.0141,0.3269,0.0174,0.2653,0.0138,0.4346,0.0029,0.6912,0.0167,35
robust_force_threshold_mpc,delayed_observation_shift,3,0.4595,0.0163,0.1881,0.0169,0.1282,0.0133,0.3313,0.0184,0.2857,0.0116,0.4360,0.0025,0.6901,0.0162,35
robust_force_threshold_mpc,delayed_observation_shift,4,0.4541,0.0178,0.1769,0.0154,0.1350,0.0120,0.3218,0.0185,0.2748,0.0178,0.4341,0.0023,0.6885,0.0156,35
robust_force_threshold_mpc,delayed_observation_shift,5,0.4687,0.0173,0.1765,0.0147,0.1269,0.0132,0.3248,0.0199,0.2779,0.0155,0.4349,0.0022,0.6814,0.0151,35
robust_force_threshold_mpc,delayed_observation_shift,6,0.4643,0.0189,0.1881,0.0178,0.1401,0.0145,0.3265,0.0143,0.2731,0.0182,0.4363,0.0025,0.7016,0.0203,35
robust_force_threshold_mpc,embodiment_shift,0,0.4759,0.0182,0.1707,0.0157,0.1327,0.0139,0.3503,0.0167,0.2697,0.0199,0.4231,0.0022,0.6718,0.0184,35
robust_force_threshold_mpc,embodiment_shift,1,0.4721,0.0208,0.1656,0.0136,0.1303,0.0116,0.3510,0.0196,0.2605,0.0175,0.4245,0.0024,0.6682,0.0124,35
robust_force_threshold_mpc,embodiment_shift,2,0.4731,0.0150,0.1650,0.0145,0.1187,0.0129,0.3388,0.0194,0.2483,0.0156,0.4244,0.0025,0.6567,0.0153,35
robust_force_threshold_mpc,embodiment_shift,3,0.4697,0.0198,0.1721,0.0130,0.1231,0.0154,0.3605,0.0150,0.2514,0.0162,0.4237,0.0025,0.6641,0.0169,35
robust_force_threshold_mpc,embodiment_shift,4,0.4850,0.0179,0.1745,0.0145,0.1299,0.0131,0.3480,0.0220,0.2554,0.0146,0.4239,0.0019,0.6721,0.0143,35
robust_force_threshold_mpc,embodiment_shift,5,0.4636,0.0189,0.1796,0.0145,0.1228,0.0136,0.3582,0.0188,0.2395,0.0161,0.4226,0.0027,0.6669,0.0165,35
robust_force_threshold_mpc,embodiment_shift,6,0.4711,0.0207,0.1595,0.0137,0.1194,0.0124,0.3520,0.0169,0.2554,0.0192,0.4261,0.0017,0.6561,0.0143,35
robust_force_threshold_mpc,hidden_force_shift,0,0.4616,0.0195,0.1935,0.0144,0.1527,0.0136,0.3218,0.0147,0.2833,0.0142,0.4579,0.0021,0.7383,0.0155,35
robust_force_threshold_mpc,hidden_force_shift,1,0.4752,0.0153,0.2099,0.0186,0.1347,0.0137,0.3279,0.0183,0.2793,0.0173,0.4580,0.0022,0.7302,0.0191,35
robust_force_threshold_mpc,hidden_force_shift,2,0.4565,0.0172,0.1963,0.0163,0.1476,0.0122,0.3252,0.0142,0.2772,0.0145,0.4580,0.0024,0.7350,0.0165,35
robust_force_threshold_mpc,hidden_force_shift,3,0.4782,0.0157,0.1935,0.0155,0.1500,0.0136,0.3272,0.0154,0.2755,0.0198,0.4576,0.0024,0.7354,0.0148,35
robust_force_threshold_mpc,hidden_force_shift,4,0.4636,0.0223,0.1966,0.0143,0.1476,0.0127,0.3218,0.0193,0.2854,0.0174,0.4586,0.0026,0.7358,0.0155,35
robust_force_threshold_mpc,hidden_force_shift,5,0.4861,0.0209,0.1959,0.0170,0.1330,0.0149,0.3347,0.0161,0.2837,0.0191,0.4568,0.0023,0.7197,0.0186,35
robust_force_threshold_mpc,hidden_force_shift,6,0.5010,0.0162,0.1932,0.0127,0.1293,0.0155,0.3265,0.0199,0.2660,0.0143,0.4567,0.0022,0.7146,0.0159,35
robust_force_threshold_mpc,nominal,0,0.5741,0.0189,0.1112,0.0101,0.0844,0.0110,0.3769,0.0163,0.2303,0.0193,0.3231,0.0021,0.4932,0.0121,35
robust_force_threshold_mpc,nominal,1,0.5922,0.0163,0.1211,0.0130,0.0874,0.0103,0.3697,0.0149,0.2238,0.0163,0.3219,0.0022,0.5004,0.0122,35
robust_force_threshold_mpc,nominal,2,0.5592,0.0178,0.1177,0.0103,0.0932,0.0104,0.3772,0.0176,0.2286,0.0140,0.3229,0.0022,0.5050,0.0116,35
robust_force_threshold_mpc,nominal,3,0.5612,0.0204,0.1221,0.0147,0.0973,0.0085,0.3497,0.0184,0.2395,0.0160,0.3232,0.0019,0.5116,0.0105,35
robust_force_threshold_mpc,nominal,4,0.5813,0.0206,0.1316,0.0132,0.0939,0.0104,0.3714,0.0167,0.2452,0.0147,0.3223,0.0022,0.5126,0.0130,35
robust_force_threshold_mpc,nominal,5,0.5721,0.0196,0.1163,0.0121,0.0997,0.0105,0.3493,0.0161,0.2194,0.0156,0.3212,0.0027,0.5086,0.0127,35
robust_force_threshold_mpc,nominal,6,0.5748,0.0142,0.1061,0.0117,0.0861,0.0130,0.3473,0.0169,0.2303,0.0169,0.3224,0.0018,0.4913,0.0160,35
